INSERT INTO `cuenta_mayors` (`id_cuenta_mayor`, `nombre_cuenta`) VALUES
(1,'ACTIVO'),
(2,'PASIVO'),
(3,'PATRIMONIO'),
(4,'CUENTAS DE RESULTADO DEUDORAS'),
(5,'CUENTAS DE RESULTADO ACREEDORAS'),
(6,'CUENTA LIQUIDADORA O DE CIERRE'),
(7,'CUENTAS DE MEMORANDUM DEUDORAS'),
(8,'CUENTAS DE MEMORANDUM ACREEDORAS');



INSERT INTO `subcuenta_primarias` (`id_subcuenta_primaria`, `id_cuenta_mayor`, `nombre_subcuenta_primaria`) VALUES
(1, 1,'ACTIVO CORRIENTE'),
(2, 1,'ACTIVO NO CORRIENTE'),
(3, 2,'PASIVO CORRIENTE'),
(4, 2,'PASIVO NO CORRIENTE'),
(5, 3,'CAPITAL CONTABLE'),
(6, 4,'COSTOS Y GASTOS DE OPERACION'),
(7, 5,'INGRESOS DE OPERACION'),
(8, 6,'CUENTA LIQUIDADORA O DE CIERRE'),
(9, 7,'CUENTAS DE ORDEN DEUDORAS'),
(10, 8,'CUENTAS DE ORDEN ACREEDORAS');



INSERT INTO `subcuenta_secundarias` (`id_subcuenta_secundaria`, `id_subcuenta_primaria`, `nombre_subcuenta_secundaria`) VALUES
(1, 1, 'EFECTIVO Y EQUIVALENTES DE EFECTIVO'),
(2, 1, 'CUENTAS Y DOCUMENTOS POR COBRAR'),
(3, 1, 'CUENTAS POR COBRAR ARRENDAMIENTO FINANCIERO'),
(4, 1, 'INVENTARIOS'),
(5, 1, 'PEDIDOS EN TRANSITO'),
(6, 1, 'RESERVA PARA OBSOLESCENCIA DE INVENTARIOS'),
(7, 1, 'INVERSIONES TEMPORALES'),
(8, 1, 'PARTES RELACIONADAS'),
(9, 1, 'GASTOS PAGADOS POR ANTICIPADO'),
(10, 1, 'IVA - CRÉDITO FISCAL'),
(11, 1, 'PAGO A CUENTA-IMPUESTO SOBRE RENTA'),
(12, 1, 'DIVIDENDOS POR COBRAR'),
(13, 1, 'ACTIVOS NO CORRIENTES MANTENIDOS PARA LA VENTA'),
(14, 2, 'PROPIEDAD PLANTA Y EQUIPO'),
(15, 2, 'DEPRECIACIÓN ACUM. DE PROPIEDAD PLANTA Y EQUIPO'),
(16, 2, 'DETERIORO ACUM. DE PROPIEDAD PLANTA Y EQUIPO'),
(17, 2, 'REVALUACIÓN DE PROPIEDAD PLANTA Y EQUIPO'),
(18, 2, 'DEPRECIACIÓN DE REVALUOS DE PROPIEDAD PLANTA Y EQUIPO'),
(19, 2, 'PROPIEDAD PLANTA Y EQUIPO EN ARRENDAMIENTO FINANCIERO'),
(20, 2, 'DEPRECIACIÓN ACUMULADA DE PROPIEDAD PLANTA Y EQ. EN ARRENDAMIENTO FINANCIERO'),
(21, 2, 'CONSTRUCCIÓN EN PROCESO'),
(22, 2, 'INVERSIONES PERMANENTES'),
(23, 2, 'IMPUESTO SOBRE LA RENTA DIFERIDO CUENTA DE ACTIVO'),
(24, 2, 'ACTIVOS INTANGIBLES'),
(25, 2, 'AMORTIZACIÓN DE INTANGIBLES'),
(26, 2, 'DETERIORO ACUMULADO DE ACTIVOS INTANGIBLES'),
(27, 2, 'CUENTAS Y DOCUMENTOS POR COBRAR LARGO PLAZO'),
(28, 2, 'PRÉSTAMOS A ACCIONISTAS LARGO PLAZO'),
(29, 2, 'OTRAS CUENTAS POR COBRAR LARGO PLAZO'),
(30, 2, 'DEPOSITOS EN GARANTIA LARGO PLAZO'),
(31, 2, 'CUENTAS POR COBRAR ARRENDAMIENTO FINANCIERO LARGO PLAZO'),
(32, 2, 'PARTES RELACIONADAS LARGO PLAZO'),
(33, 3, 'PRÉSTAMOS Y SOBREGIROS BANCARIOS'),
(34, 3, 'CUENTAS Y DOCUMENTOS POR PAGAR'),
(35, 3, 'PORCIÓN CIRCULANTE DE ARRENDAMIENTO FINANCIERO LARGO PLAZO'),
(36, 3, 'PROVISIONES Y RETENCIONES'),
(37, 3, 'BENEFICIOS A EMPLEADOS POR PAGAR'),
(38, 3, 'ACREEDORES VARIOS'),
(39, 3, 'DIVIDENDOS POR PAGAR'),
(40, 3, 'IVA - DÉBITO FISCAL'),
(41, 3, 'IMPUESTOS POR PAGAR'),
(42, 3, 'INTERESES POR PAGAR'),
(43, 3, 'PARTES RELACIONADAS CORTO PLAZO'),
(44, 4, 'PRÉSTAMOS BANCARIOS A LARGO PLAZO'),
(45, 4, 'DOCUMENTOS POR PAGAR - LARGO PLAZO'),
(46, 4, 'OBLIGACIONES POR ARRENDAMIENTO FINANCIERO LARGO PLAZO'),
(47, 4, 'IMPUESTO SOBRE LA RENTA DIFERIDO CUENTA PASIVO'),
(48, 4, 'BENEFICIOS A EMPLEADOS POR PAGAR A LARGO PLAZO'),
(49, 4, 'PARTES RELACIONADAS LARGO PLAZO'),
(50, 5, 'CAPITAL SOCIAL'),
(51, 5, 'SUPERAVIT POR REVALUACIÓN DE PROPIEDAD PLANTA Y EQUIPO NO REALIZADA'),
(52, 5, 'RESERVA LEGAL'),
(53, 5, 'UTILIDADES POR DISTRIBUIR'),
(54, 5, 'SUPERAVIT POR REVALUACIÓN DE PROPIEDAD PLANTA Y EQUIPO REALIZADO'),
(55, 5, 'DEFICIT ACUMULADO'),
(56, 6, 'COSTO DE VENTA'),
(57, 6, 'GASTOS DE VENTA'),
(58, 6, 'GASTOS DE ADMINISTRACIÓN'),
(59, 6, 'IMPUESTO SOBRE LA RENTA'),
(60, 6, 'GASTOS FINANCIEROS'),
(61, 6, 'PÉRDIDA POR VENTA DE ACTIVOS NO CORRIENTES MANTENIDOS PARA LA VENTA'),
(62, 7, 'INGRESOS POR VENTAS'),
(63, 7, 'PRODUCTOS FINANCIEROS'),
(64, 7, 'PÉRDIDA POR VENTA DE ACTIVOS NO CORRIENTES MANTENIDOS PARA LA VENTA'),
(65, 8, 'PÉRDIDAS Y GANANCIAS'),
(66, 9, 'CUENTAS DE ORDEN DEUDORAS'),
(67, 10, 'CUENTAS DE ORDEN ACREEDORAS');




INSERT INTO `subcuenta_terciarias` (`id_subcuenta_terciaria`, `id_subcuenta_secundaria`, `nombre_subcuenta_terciaria`) VALUES
(1, 1, 'Caja General'),
(2, 1, 'Caja Chica'),
(3, 1, 'Bancos'),
(4, 1, 'Equivalentes de Efectivo'),
(5, 2, 'Clientes'),
(6, 2, 'Estimación Para Cuentas Incobrables'),
(7, 2, 'Documentos Por Cobrar'),
(8, 2, 'Otras Cuentas por Cobrar'),
(9, 2, 'Préstamos a Empleados'),
(10, 2, 'Anticipos Sobre Sueldos'),
(11, 2, 'Faltantes de Caja'),
(12, 2, 'Cheques Rechazados'),
(13, 2, 'Préstamos a Accionistas'),
(14, 3, 'Arrendamiento Financiero Por Cobrar'),
(15, 3, 'Estimación Para Cuentas Incobrables de Arrendamiento Financiero'),
(16, 4, 'Artículos Para El Hogar'),
(17, 7, 'Acciones'),
(18, 7, 'Bonos'),
(19, 8, 'Directores, Ejecutivos y Empleados'),
(20, 8, 'Compañías Afiliadas'),
(21, 8, 'Compañías Asociadas'),
(22, 8, 'Compañías Subsidiarias'),
(23, 9, 'Alquileres'),
(24, 9, 'Seguros y Fianzas'),
(25, 9, 'Propaganda y Publicidad'),
(26, 9, 'Intereses'),
(27, 9, 'Papelería'),
(28, 9, 'Membresías y Suscripciones'),
(29, 9, 'Otros'),
(30, 10, 'Crédito Fiscal - IVA'),
(31, 14, 'Terrenos'),
(32, 14, 'Edificios'),
(33, 14, 'Equipo de Transporte'),
(34, 14, 'Mobiliario y Equipo de Oficina'),
(35, 14, 'Otros Activos Fijos'),
(36, 15, 'Depreciación Acumulada de Edificios'),
(37, 15, 'Depreciación Acumulada de Equipo de Transporte'),
(38, 15, 'Depreciación Acumulada de Mobiliario y Equipo de Oficina'),
(39, 15, 'Depreciación Acumulada de Otros Activos Fijos'),
(40, 16, 'Terrenos'),
(41, 16, 'Edificios'),
(42, 16, 'Equipo de Transporte'),
(43, 16, 'Mobiliario y Equipo de Oficina'),
(44, 16, 'Otros Activos Fijos'),
(45, 17, 'Revaluaciones de Terreno'),
(46, 17, 'Revaluaciones de Edificios'),
(47, 18, 'Revaluaciones de Terreno'),
(48, 18, 'Revaluaciones de Edificios'),
(49, 19, 'Terrenos'),
(50, 19, 'Edificios'),
(51, 19, 'Equipo de Transporte'),
(52, 19, 'Mobiliario y Equipo de Oficina'),
(53, 19, 'Otros Activos Fijos en Arrendamiento Financiero'),
(54, 20, 'Depreciación de Edificios'),
(55, 20, 'Depreciación de Equipo de Transporte'),
(56, 20, 'Depreciación de Mobiliario Y Equipo de Oficina'),
(57, 20, 'Depreciación de Otros Activos Fijos en Arrendamiento Financiero'),
(58, 22, 'Inversiones en Subsidiarias'),
(59, 22, 'Inversiones en Asociadas'),
(60, 22, 'Inversiones en Negocios Conjuntos'),
(61, 24, 'Derecho de Llave'),
(62, 24, 'Patentes y Marcas'),
(63, 24, 'Licencias'),
(64, 24, 'Programas y Sistemas'),
(65, 25, 'Derecho de Llave'),
(66, 25, 'Patentes y Marcas'),
(67, 25, 'Licencias'),
(68, 25, 'Programas y Sistemas'),
(69, 26, 'Derecho de Llave'),
(70, 26, 'Patentes y Marcas'),
(71, 26, 'Licencias'),
(72, 26, 'Programas y Sistemas'),
(73, 27, 'Cuentas por Cobrar Comerciales Largo Plazo'),
(74, 27, 'Estimación para Cuentas Incobrables Largo Plazo'),
(75, 27, 'Préstamos al Personal Largo Plazo'),
(76, 31, 'Arrendamiento Financiero Lago Plazo'),
(77, 31, 'Estimación para Cuentas Incobrables Arrendamiento Financiero'),
(78, 32, 'Directores, Ejecutivos y Empleados Largo Plazo'),
(79, 32, 'Compañías Afiliadas Largo Plazo'),
(80, 32, 'Compañías Asociadas Largo Plazo'),
(81, 32, 'Compañías Subsidiarias Largo Plazo'),
(82, 33, 'Préstamos Bancarios Corto Plazo'),
(83, 33, 'Sobregiros Bancarios'),
(84, 34, 'Proveedores'),
(85, 34, 'Documentos por Pagar'),
(86, 34, 'Letras de Cambio'),
(87, 35, 'Obligación por Arrendamiento Financiero Largo Plazo.'),
(88, 36, 'Provisiones'),
(89, 36, 'Retenciones'),
(90, 37, 'Beneficios a Empleados Por Pagar'),
(91, 38, 'Compra de Bienes Muebles e Inmuebles'),
(92, 38, 'Otros'),
(93, 40, 'Débito Fiscal - IVA'),
(94, 41, 'IVA Por Pagar'),
(95, 41, 'Impuesto Sobre la Renta Corriente'),
(96, 41, 'Pago a Cuenta'),
(97, 41, 'Impuestos Municipales'),
(98, 42, 'Intereses por Préstamos a Bancarios'),
(99, 42, 'Intereses por Pagos Tardíos'),
(100, 43, 'Directores, Ejecutivos y Empleados Corto Plazo'),
(101, 43, 'Compañías Afiliadas'),
(102, 43, 'Compañías Asociadas'),
(103, 43, 'Compañías Subsidiarias'),
(104, 44, 'Préstamos Hipotecarios a Largo Plazo'),
(105, 45, 'Contratos a Largo Plazo'),
(106, 45, 'Pagarés'),
(107, 45, 'Letras de Cambio'),
(108, 46, 'Contratos Bajo Arrendamiento Financiero Largo Plazo'),
(109, 47, 'Impuesto sobre la Renta de Años Anteriores'),
(110, 48, 'Beneficios por Terminación de Empleos por Pagar'),
(111, 49, 'Directores, Ejecutivos y Empleados Largo Plazo'),
(112, 49, 'Compañías Afiliadas'),
(113, 49, 'Compañías Asociadas'),
(114, 49, 'Compañías Subsidiarias'),
(115, 50, 'Capital Social Suscrito'),
(116, 50, 'Capital Social no Pagado'),
(117, 53, 'Utilidades de Ejercicios Anteriores'),
(118, 53, 'Utilidad del Ejercicio'),
(119, 55, 'Pérdidas de Ejercicios Anteriores'),
(120, 55, 'Pérdidas del Ejercicio Corriente'),
(121, 56, 'Artículos Para El Hogar'),
(122, 57, 'Sueldos y Salarios'),
(123, 57, 'Horas Extras'),
(124, 57, 'Honorarios'),
(125, 57, 'Vacaciones'),
(126, 57, 'Aguinaldos'),
(127, 57, 'Bonificaciones'),
(128, 57, 'Incapacidades'),
(129, 57, 'Indemnizaciones'),
(130, 57, 'Seguros de Vida'),
(131, 57, 'Comisiones'),
(132, 57, 'Cuota Patronal - ISSS'),
(133, 57, 'Cuota Patronal Fondo de Pensiones'),
(134, 57, 'Cuota Patronal INSAFORP'),
(135, 57, 'Pasajes y Viáticos'),
(136, 57, 'Transporte'),
(137, 57, 'Papelería y Útiles'),
(138, 57, 'Impuestos Municipales'),
(139, 57, 'Estimación para Cuentas Incobrables'),
(140, 57, 'Depreciación de Propiedad Planta y Equipo'),
(141, 57, 'Depreciación por Arrendamiento Financiero'),
(142, 57, 'Seguro de Vehículos'),
(143, 57, 'Combustible y Lubricantes'),
(144, 57, 'Mantenimiento de Vehículos'),
(145, 57, 'Mantenimiento de Mobiliario y Equipo'),
(146, 57, 'Mantenimiento de Locales'),
(147, 57, 'Alquileres de Estacionamiento'),
(148, 57, 'Artículos de Aseo y Limpieza'),
(149, 57, 'Tarjeta de Circulación de Vehículos'),
(150, 57, 'Servicios de Correo'),
(151, 57, 'Herramientas, Repuestos y Accesorios'),
(152, 57, 'Atención al Personal'),
(153, 57, 'Material de Empaque'),
(154, 57, 'Propaganda y Publicidad'),
(155, 57, 'Amortización de Intangibles'),
(156, 57, 'Seguridad Privada'),
(157, 57, 'Donaciones'),
(158, 57, 'Capacitaciones'),
(159, 57, 'Gastos por Obsolescencia'),
(160, 57, 'Fletes'),
(161, 57, 'Otros'),
(162, 58, 'Sueldos y Salarios'),
(163, 58, 'Horas Extras'),
(164, 58, 'Honorarios'),
(165, 58, 'Dietas'),
(166, 58, 'Vacaciones'),
(167, 58, 'Aguinaldos'),
(168, 58, 'Bonificaciones'),
(169, 58, 'Incapacidades'),
(170, 58, 'Indemnizaciones'),
(171, 58, 'Seguros de Vida'),
(172, 58, 'Cuota Patronal - ISSS'),
(173, 58, 'Cuota Patronal Fondo de Pensiones'),
(174, 58, 'Cuota Patronal INSAFORP'),
(175, 58, 'Pasajes y Viáticos'),
(176, 58, 'Transporte'),
(177, 58, 'Papelería y Útiles'),
(178, 58, 'Impuestos Municipales'),
(179, 58, 'Depreciación de Propiedad Planta y Equipo'),
(180, 58, 'Depreciación por Arrendamiento Financiero'),
(181, 58, 'Seguro de Vehículos'),
(182, 58, 'Combustible y Lubricantes'),
(183, 58, 'Mantenimiento de Vehículos'),
(184, 58, 'Mantenimiento de Mobiliario y Equipo'),
(185, 58, 'Mantenimiento de Establecimiento'),
(186, 58, 'Artículos de Aseo y Limpieza'),
(187, 58, 'Tarjeta de Circulación de Vehículos'),
(188, 58, 'Servicios de Correo'),
(189, 58, 'Herramientas, Repuestos y Accesorios'),
(190, 58, 'Atención al Personal'),
(191, 58, 'Amortización de Intangibles'),
(192, 58, 'Seguridad Privada'),
(193, 58, 'Donaciones'),
(194, 58, 'Capacitaciones'),
(195, 58, 'Otros'),
(196, 59, 'Impuesto sobre la Renta Corriente'),
(197, 59, 'Impuesto sobre la Renta Diferido - Activo'),
(198, 59, 'Impuesto sobre la Renta Diferido - Pasivo'),
(199, 60, 'Intereses'),
(200, 60, 'Comisiones Bancarias'),
(201, 60, 'Descuentos'),
(202, 60, 'Otros'),
(203, 62, 'Artículos Para El Hogar'),
(204, 63, 'Intereses Bancarios'),
(205, 63, 'Comisiones'),
(206, 63, 'Descuentos'),
(207, 63, 'Diferenciales Cambiarios'),
(208, 63, 'Otros Productos Financieros');



INSERT INTO `subcuenta_cuaternarias` (`id_subcuenta_cuaternaria`, `id_subcuenta_terciaria`, `nombre_subcuenta_cuaternaria`) VALUES
(1, 3, 'Cuenta Corriente'),
(2, 3, 'Cuenta de Ahorro'),
(3, 3, 'Depósitos a Plazo Menos de un Año'),
(4, 4, 'Reportos'),
(5, 16, 'Decoración'),
(6, 16, 'Limpieza'),
(7, 16, 'Cocina'),
(8, 16, 'Muebles'),
(9, 16, 'Otros'),
(10, 61, 'Costo de Adquisición Derecho de Llave'),
(11, 62, 'Costo de Adquisición Patentes y Marcas'),
(12, 63, 'Costo de Adquisición de Licencias'),
(13, 64, 'Costo de Adquisición de Programas y Sistemas'),
(14, 82, 'Banco Agrícola'),
(15, 82, 'Banco Citibank'),
(16, 83, 'Banco Agrícola'),
(17, 83, 'Banco Citibank'),
(18, 83, 'Préstamos de Accionistas'),
(19, 83, 'Porción Circulante de Préstamos a Largo Plazo'),
(20, 84, 'Proveedores Locales'),
(21, 84, 'Proveedores del Exterior'),
(22, 85, 'Contratos a Corto Plazo'),
(23, 85, 'Pagarés'),
(24, 88, 'ISSS'),
(25, 88, 'AFP Crecer'),
(26, 88, 'AFP Confía'),
(27, 88, 'IPSFA'),
(28, 88, 'INSAFORP'),
(29, 88, 'INPEP'),
(30, 88, 'Anda'),
(31, 88, 'Clessa'),
(32, 88, 'Telecomunicaciones'),
(33, 88, 'Alquileres'),
(34, 88, 'Otros'),
(35, 89, 'ISSS'),
(36, 89, 'AFP Crecer'),
(37, 89, 'AFP Confía'),
(38, 89, 'IPSFA'),
(39, 89, 'INPEP'),
(40, 89, 'Impuesto sobre la Renta Permanentes'),
(41, 89, 'Impuesto sobre la Renta Eventuales'),
(42, 89, 'Préstamos Bancarios'),
(43, 89, 'Procuraduría'),
(44, 89, 'Otras Retenciones'),
(45, 90, 'Planillas Por Pagar'),
(46, 90, 'Comisiones'),
(47, 90, 'Bonificaciones'),
(48, 90, 'Vacaciones'),
(49, 90, 'Aguinaldos'),
(50, 90, 'Otros'),
(51, 91, 'Bienes Muebles'),
(52, 91, 'Bienes Inmuebles'),
(53, 110, 'Indemnizaciones por Pagar'),
(54, 115, 'Capital Social Mínimo'),
(55, 115, 'Capital Social Variable'),
(56, 116, 'Capital Social Mínimo'),
(57, 116, 'Capital Social Variable'),
(58, 121, 'Decoración'),
(59, 121, 'Limpieza'),
(60, 121, 'Cocina'),
(61, 121, 'Muebles'),
(62, 121, 'Otros'),
(63, 203, 'Decoración'),
(64, 203, 'Limpieza'),
(65, 203, 'Cocina'),
(66, 203, 'Muebles'),
(67, 203, 'Otros');



INSERT INTO `subcuenta_quinarias` (`id_subcuenta_quinaria`, `id_subcuenta_cuaternaria`, `nombre_subcuenta_quinaria`) VALUES
(1, 1, 'Banco Agrícola'),
(2, 1, 'Banco Citibank'),
(3, 2, 'Banco Agrícola'),
(4, 2, 'Banco Citibank'),
(5, 3, 'Banco Agrícola'),
(6, 3, 'Banco Citibank');

INSERT INTO `tipos` (`id`, `tipo`, `created_at`, `updated_at`) VALUES
(1, 'Comercial', NULL, NULL),
(2, 'Extractiva', NULL, NULL),
(3, 'Financiera', NULL, NULL),
(4, 'Industrial', NULL, NULL),
(5, 'Servicio', NULL, NULL);
